Date,actual_price,predicted_target,predicted_price
2020-03-24,141.9879150390625,254.1476195669934,254.1476195669934
2020-03-25,140.6287078857422,253.83419254177613,253.83419254177613
2020-03-26,149.4251708984375,254.1476195669934,254.1476195669934
2020-03-27,143.28965759277344,252.59491931907405,252.59491931907405
2020-03-30,153.36875915527344,251.60746545368275,251.60746545368275
2020-03-31,150.95664978027344,247.4315357253086,247.4315357253086
2020-04-01,145.59645080566406,244.61536075411743,244.61536075411743
2020-04-02,148.611572265625,246.89143096382818,246.89143096382818
2020-04-03,147.24282836914062,248.55813951817902,248.55813951817902
2020-04-06,158.19296264648438,247.87004361107898,247.87004361107898
2020-04-07,156.4891357421875,248.24555986726205,248.24555986726205
2020-04-08,158.0589141845703,249.47133473852844,249.47133473852844
2020-04-09,158.06849670410156,248.2525326067831,248.2525326067831
2020-04-13,158.42259216308594,248.44774531060338,248.44774531060338
2020-04-14,166.2619171142578,247.0820999153095,247.0820999153095
2020-04-15,164.5198974609375,246.76867289009223,246.76867289009223
2020-04-16,169.45892333984375,248.84747189516983,248.84747189516983
2020-04-17,170.95211791992188,248.2918805894386,248.2918805894386
2020-04-20,167.56370544433594,249.10986911779383,249.10986911779383
2020-04-21,160.63372802734375,229.1054060512786,229.1054060512786
2020-04-22,166.08966064453125,231.363073513007,231.363073513007
2020-04-23,164.07955932617188,230.64841436231399,230.64841436231399
2020-04-24,167.07554626464844,230.99426236688643,230.99426236688643
2020-04-27,166.59695434570312,229.44792311787222,229.44792311787222
2020-04-28,162.5385284423828,229.11789561880542,229.11789561880542
2020-04-29,169.83221435546875,228.39989937884746,228.39989937884746
2020-04-30,171.53599548339844,229.9494057977198,229.9494057977198
2020-05-01,167.09469604492188,230.15886781735054,230.15886781735054
2020-05-04,171.18182373046875,230.1304624947164,230.1304624947164
2020-05-05,173.01959228515625,230.93236491496847,230.93236491496847
2020-05-06,174.72340393066406,229.28464036619334,229.28464036619334
2020-05-07,175.738037109375,229.28464036619334,229.28464036619334
2020-05-08,176.7717742919922,230.62330078785996,230.62330078785996
2020-05-11,178.7435302734375,231.65382435692348,231.65382435692348
2020-05-12,174.69467163085938,228.79968930133796,228.79968930133796
2020-05-13,172.05287170410156,229.17075967520196,229.17075967520196
2020-05-14,172.79945373535156,228.16697580379477,228.16697580379477
2020-05-15,175.31687927246094,228.3720761777403,228.3720761777403
2020-05-18,176.99192810058594,231.03473894158992,231.03473894158992
2020-05-19,175.76675415039062,231.7031263528383,231.7031263528383
2020-05-20,178.20474243164062,231.64959683759628,231.64959683759628
2020-05-21,176.0642547607422,231.38969932762103,231.38969932762103
2020-05-22,176.14105224609375,229.6298961367073,229.6298961367073
2020-05-26,174.27896118164062,229.13800199072955,229.13800199072955
2020-05-27,174.5093231201172,231.01852042466186,231.01852042466186
2020-05-28,174.11581420898438,227.32291937941946,227.32291937941946
2020-05-29,175.89149475097656,227.55692507382977,227.55692507382977
2020-06-01,175.48838806152344,229.53366266813634,229.53366266813634
2020-06-02,177.48487854003906,229.24960133893958,229.24960133893958
2020-06-03,177.91680908203125,188.15799391932177,188.15799391932177
2020-06-04,175.5747528076172,183.93427690096235,183.93427690096235
2020-06-05,179.6829376220703,184.370247763287,184.370247763287
2020-06-08,180.7963104248047,185.5546775293788,185.5546775293788
2020-06-09,182.1785125732422,187.08851087221245,187.08851087221245
2020-06-10,188.93582153320312,188.77200345297913,188.77200345297913
2020-06-11,178.7902374267578,189.217513285561,189.217513285561
2020-06-12,180.20118713378903,189.71879891346103,189.71879891346103
2020-06-15,181.35301208496097,192.6242070231237,192.6242070231237
2020-06-16,185.7971038818359,192.6809082653151,192.6809082653151
2020-06-17,186.440185546875,191.76046908631497,191.76046908631497
2020-06-18,188.4366912841797,192.80469459847086,192.80469459847086
2020-06-19,187.31365966796875,191.32994606626954,191.32994606626954
2020-06-22,192.5160217285156,192.97847582695607,192.97847582695607
2020-06-23,193.80221557617188,196.6532905597801,196.6532905597801
2020-06-24,189.89564514160156,197.9027753190552,197.9027753190552
2020-06-25,192.29519653320312,199.27070420815298,199.27070420815298
2020-06-26,188.44627380371097,200.5213922824406,200.5213922824406
2020-06-29,190.4715576171875,200.66998434392664,200.66998434392664
2020-06-30,195.3379669189453,200.83481930765785,200.83481930765785
2020-07-01,196.48019409179688,201.54639311386265,201.54639311386265
2020-07-02,197.9775390625,201.54639311386265,201.54639311386265
2020-07-06,202.23922729492188,200.85719643459572,200.85719643459572
2020-07-07,199.8876190185547,199.29370691937544,199.29370691937544
2020-07-08,204.28372192382812,200.02414901423876,200.02414901423876
2020-07-09,205.7139129638672,199.2508001058837,199.2508001058837
2020-07-10,205.08995056152344,198.8436689920803,198.8436689920803
2020-07-13,198.7550048828125,198.2634562091733,198.2634562091733
2020-07-14,199.98361206054688,199.49081475035786,199.49081475035786
2020-07-15,199.68603515625,199.58281859184336,199.58281859184336
2020-07-16,195.73150634765625,198.18597137984392,198.18597137984392
2020-07-17,194.73324584960935,198.2322218348544,198.2322218348544
2020-07-20,203.10308837890625,199.4148253042854,199.4148253042854
2020-07-21,200.36756896972656,198.09940131412085,198.09940131412085
2020-07-22,203.2471160888672,198.89756785069244,198.89756785069244
2020-07-23,194.4069061279297,197.12438492059135,197.12438492059135
2020-07-24,193.2167205810547,198.25045048183318,198.25045048183318
2020-07-27,195.664306640625,201.67176622113865,201.67176622113865
2020-07-28,193.9077911376953,203.824202731882,203.824202731882
2020-07-29,195.8658447265625,203.80710133065628,203.80710133065628
2020-07-30,195.7122802734375,204.8482623401668,204.8482623401668
2020-07-31,196.77772521972656,204.52389069712154,204.52389069712154
2020-08-03,207.84475708007812,202.5208650991742,202.5208650991742
2020-08-04,204.7252197265625,201.40125997309485,201.40125997309485
2020-08-05,204.38929748535156,202.60594061695437,202.60594061695437
2020-08-06,207.6623687744141,201.8497841763995,201.8497841763995
2020-08-07,203.94775390625,201.03055276312014,201.03055276312014
2020-08-10,199.8876190185547,201.30692745744403,201.30692745744403
2020-08-11,195.21316528320312,201.1811088550514,201.1811088550514
2020-08-12,200.7898712158203,201.46607545669,201.46607545669
2020-08-13,200.3195648193359,201.71200194668364,201.71200194668364
2020-08-14,200.51150512695312,204.5153428742296,204.5153428742296
2020-08-17,201.83609008789065,205.9163474806253,205.9163474806253
2020-08-18,202.99757385253903,206.90311349676853,206.90311349676853
2020-08-19,201.7659454345703,206.80407029012602,206.80407029012602
2020-08-20,206.4613342285156,209.09684876260826,209.09684876260826
2020-08-21,204.9603576660156,210.64390694051318,210.64390694051318
2020-08-24,205.60499572753903,210.32222882145268,210.32222882145268
2020-08-25,208.27978515625,211.08363626755485,211.08363626755485
2020-08-26,212.7827606201172,211.61142608452136,211.61142608452136
2020-08-27,218.00730895996097,209.3488475448735,209.3488475448735
2020-08-28,220.2491455078125,207.502852661026,207.502852661026
2020-08-31,216.9969940185547,203.867813455245,203.867813455245
2020-09-01,218.6712188720703,204.6058930056893,204.6058930056893
2020-09-02,222.8855133056641,202.8761401756792,202.8761401756792
2020-09-03,209.07843017578125,198.66666622539472,198.66666622539472
2020-09-04,206.143798828125,200.76146785912317,200.76146785912317
2020-09-08,194.99229431152344,197.26940928091335,197.26940928091335
2020-09-09,203.2957763671875,199.80292145634314,199.80292145634314
2020-09-10,197.5997772216797,197.51182563047385,197.51182563047385
2020-09-11,196.3104705810547,198.82464450777388,198.82464450777388
2020-09-14,197.63829040527344,198.91897206620206,198.91897206620206
2020-09-15,200.8807678222656,201.9793077676304,201.9793077676304
2020-09-16,197.29188537597656,199.83521565059925,199.83521565059925
2020-09-17,195.23284912109375,200.11248044093685,200.11248044093685
2020-09-18,192.8081970214844,200.11248044093685,200.11248044093685
2020-09-21,194.87684631347656,200.42590746615411,200.42590746615411
2020-09-22,199.5722198486328,200.54987480129228,200.54987480129228
2020-09-23,193.0006103515625,199.95605919344268,199.95605919344268
2020-09-24,195.5022430419922,200.88755619151092,200.88755619151092
2020-09-25,199.9570770263672,200.88755619151092,200.88755619151092
2020-09-28,201.5157928466797,200.88755619151092,200.88755619151092
2020-09-29,199.4182586669922,200.2192469960391,200.2192469960391
2020-09-30,202.37213134765625,200.70664347614505,200.70664347614505
2020-10-01,204.4215545654297,204.9108440296823,204.9108440296823
2020-10-02,198.3887481689453,207.21812332383828,207.21812332383828
2020-10-05,202.4202423095703,207.96879758004278,207.96879758004278
2020-10-06,198.119384765625,209.195926607602,209.195926607602
2020-10-07,201.8910217285156,209.36267490495482,209.36267490495482
2020-10-08,202.6126708984375,209.75360463825905,209.75360463825905
2020-10-09,207.6447906494141,209.4690792142962,209.4690792142962
2020-10-12,213.0232696533203,207.1347704232579,207.1347704232579
2020-10-13,214.4280548095703,207.4759821545734,207.4759821545734
2020-10-14,212.50372314453125,205.24456024438666,205.24456024438666
2020-10-15,211.34910583496097,205.2088021854977,205.2088021854977
2020-10-16,211.34910583496097,205.77756233035294,205.77756233035294
2020-10-19,206.1149444580078,204.12086032679304,204.12086032679304
2020-10-20,206.52865600585935,205.97533183915675,205.97533183915675
2020-10-21,206.67300415039065,205.66128361724017,205.66128361724017
2020-10-22,206.7595977783203,205.2650646786253,205.2650646786253
2020-10-23,208.04888916015625,203.5332665734407,203.5332665734407
2020-10-26,202.131591796875,202.931627422098,202.931627422098
2020-10-27,205.181640625,206.87179492027838,206.87179492027838
2020-10-28,195.0115509033203,204.3384450815506,204.3384450815506
2020-10-29,196.9743804931641,206.14230853122913,206.14230853122913
2020-10-30,194.8095245361328,205.797411443107,205.797411443107
2020-11-02,194.6748046875,205.67621667595887,205.67621667595887
2020-11-03,198.61965942382812,205.01548059189756,205.01548059189756
2020-11-04,208.20281982421875,207.13993765293924,207.13993765293924
2020-11-05,214.84176635742188,209.61712782747313,209.61712782747313
2020-11-06,215.25552368164065,209.34348522863993,209.34348522863993
2020-11-09,210.1271820068359,207.3875519864692,207.3875519864692
2020-11-10,203.02639770507812,205.01183096836834,205.01183096836834
2020-11-11,208.35682678222656,206.00706411423334,206.00706411423334
2020-11-12,207.28878784179688,205.63026745078236,205.63026745078236
2020-11-13,208.3182830810547,205.6702360941641,205.6702360941641
2020-11-16,209.01104736328125,206.55346942666424,206.55346942666424
2020-11-17,206.34588623046875,206.09336367358253,206.09336367358253
2020-11-18,203.6254425048828,205.06423525017547,205.06423525017547
2020-11-19,204.9181365966797,206.18801478068633,206.18801478068633
2020-11-20,202.9597930908203,205.87471404132515,205.87471404132515
2020-11-23,202.6897125244141,206.77296021480086,206.77296021480086
2020-11-24,206.30728149414065,207.4242305616794,207.4242305616794
2020-11-25,206.31689453125,208.40578137968706,208.40578137968706
2020-11-27,207.62889099121097,208.40484946310627,208.40484946310627
2020-11-30,206.5098419189453,208.6850021412416,208.6850021412416
2020-12-01,208.57427978515625,209.97538315124382,209.97538315124382
2020-12-02,207.7639312744141,209.0434520145293,209.0434520145293
2020-12-03,206.6738739013672,207.45690252888238,207.45690252888238
2020-12-04,206.78961181640625,206.8965571164143,206.8965571164143
2020-12-07,206.7220916748047,207.6650523109428,207.6650523109428
2020-12-08,208.38134765625,207.81479501803116,207.81479501803116
2020-12-09,204.32003784179688,211.03348458132015,211.03348458132015
2020-12-10,203.0852508544922,211.9737347823207,211.9737347823207
2020-12-11,205.7284698486328,212.5176490610564,212.5176490610564
2020-12-14,206.63526916503903,212.5176490610564,212.5176490610564
2020-12-15,206.5677795410156,212.5176490610564,212.5176490610564
2020-12-16,211.535888671875,212.13378316955252,212.13378316955252
2020-12-17,211.67092895507812,214.9395744157221,214.9395744157221
2020-12-18,210.87025451660156,212.73286964673414,212.73286964673414
2020-12-21,214.7289581298828,213.5231662490153,213.5231662490153
2020-12-22,216.03126525878903,213.75649002505023,213.75649002505023
2020-12-23,213.21441650390625,212.6272140268436,212.6272140268436
2020-12-24,214.88330078125,210.83832425826864,210.83832425826864
2020-12-28,217.0152587890625,210.7412944839079,210.7412944839079
2020-12-29,216.23385620117188,211.28763708666665,211.28763708666665
2020-12-30,213.85108947753903,209.56218026006246,209.56218026006246
2020-12-31,214.56497192382812,211.85277164993846,211.85277164993846
2021-01-04,210.0020294189453,209.32132499853827,209.32132499853827
2021-01-05,210.20460510253903,209.69187615004978,209.69187615004978
2021-01-06,204.754150390625,208.76868145080823,208.76868145080823
2021-01-07,210.5808258056641,210.1099470821711,210.1099470821711
2021-01-08,211.86383056640625,210.15494978396583,210.15494978396583
2021-01-11,209.80909729003903,211.9758886664178,211.9758886664178
2021-01-12,207.33949279785156,214.67296150729535,214.67296150729535
2021-01-13,208.69970703125,218.16097330372003,218.16097330372003
2021-01-14,205.49693298339844,217.94058517832377,217.94058517832377
2021-01-15,205.13998413085935,221.21875229551313,221.21875229551313
2021-01-19,208.7961883544922,224.0197768882906,224.0197768882906
2021-01-20,216.4171600341797,227.21957051886818,227.21957051886818
2021-01-21,217.02491760253903,228.74057435332278,228.74057435332278
2021-01-22,217.9702911376953,228.24655750009913,228.24655750009913
2021-01-25,221.42388916015625,229.4499869352061,229.4499869352061
2021-01-26,224.12496948242188,230.24807707643376,230.24807707643376
2021-01-27,224.67486572265625,231.99802377268708,231.99802377268708
2021-01-28,230.4918975830078,231.65448898226865,231.65448898226865
2021-01-29,223.76808166503903,228.042640953098,228.042640953098
2021-02-01,231.18649291992188,230.12462719120623,230.12462719120623
2021-02-02,231.05140686035156,229.89087645154993,229.89087645154993
2021-02-03,234.41818237304688,233.1509029777413,233.1509029777413
2021-02-04,233.46310424804688,232.36018703344658,232.36018703344658
2021-02-05,233.6464080810547,231.89488846147964,231.89488846147964
2021-02-08,233.90689086914065,232.60019506096188,232.60019506096188
2021-02-09,235.16094970703125,231.83644220136034,231.83644220136034
2021-02-10,234.24452209472656,232.69554294622137,232.69554294622137
2021-02-11,235.8555603027344,231.91907726243767,231.91907726243767
2021-02-12,236.33790588378903,231.10356188186594,231.10356188186594
2021-02-16,235.09344482421875,230.40152322084606,230.40152322084606
2021-02-17,236.11831665039065,229.3104775341685,229.3104775341685
2021-02-18,235.7219085693359,228.3577542133737,228.3577542133737
2021-02-19,232.9952392578125,226.6374694231544,226.6374694231544
2021-02-22,226.7490234375,225.4982135625622,225.4982135625622
2021-02-23,225.5500640869141,224.95864240729318,224.95864240729318
2021-02-24,226.7877197265625,224.8705907649365,224.8705907649365
2021-02-25,221.4117431640625,224.47954635980227,224.47954635980227
2021-02-26,224.6895446777344,224.79297338501954,224.79297338501954
2021-03-01,229.0986328125,226.26981855990525,226.26981855990525
2021-03-02,226.1302490234375,226.3197406668008,226.3197406668008
2021-03-03,220.0290374755859,225.04738377935428,225.04738377935428
2021-03-04,219.2265167236328,227.39171256520714,227.39171256520714
2021-03-05,223.93536376953125,226.8679584903112,226.8679584903112
2021-03-08,219.86468505859375,227.1771157837245,227.1771157837245
2021-03-09,226.0431976318359,228.53595520923832,228.53595520923832
2021-03-10,224.72816467285156,229.02997206246198,229.02997206246198
2021-03-11,229.28233337402344,229.481963252359,229.481963252359
2021-03-12,227.9480133056641,229.63170595944737,229.63170595944737
2021-03-15,227.0390625,229.481963252359,229.481963252359
2021-03-16,229.84310913085935,229.4986947365206,229.4986947365206
2021-03-17,229.19529724121097,229.33337524046368,229.33337524046368
2021-03-18,223.08444213867188,229.20156780067202,229.20156780067202
2021-03-19,222.72669982910156,227.92054071687855,227.92054071687855
2021-03-22,228.1800537109375,229.4986947365206,229.4986947365206
2021-03-23,229.7174530029297,229.64537346438505,229.64537346438505
2021-03-24,227.6676025390625,229.18526771130334,229.18526771130334
2021-03-25,224.65086364746097,235.128300627299,235.128300627299
2021-03-26,228.65382385253903,235.7401470850994,235.7401470850994
2021-03-29,227.454833984375,235.59346835723497,235.59346835723497
2021-03-30,224.17706298828125,234.53762507549044,234.53762507549044
2021-03-31,227.96734619140625,236.71928041242498,236.71928041242498
2021-04-01,234.32957458496097,239.8100890488442,239.8100890488442
2021-04-05,240.8271484375,243.81746010721747,243.81746010721747
2021-04-06,239.6572265625,245.8199477223459,245.8199477223459
2021-04-07,241.6297149658203,244.56495010175016,244.56495010175016
2021-04-08,244.8688507080078,248.24157988359428,248.24157988359428
2021-04-09,247.38279724121097,250.2733438244987,250.2733438244987
2021-04-12,247.4408416748047,250.84788608247504,250.84788608247504
2021-04-13,249.93539428710935,250.61413534281874,250.61413534281874
2021-04-14,247.1314239501953,250.1578906928862,250.1578906928862
2021-04-15,250.91200256347656,251.07441977241805,251.07441977241805
2021-04-16,252.1109313964844,251.01619543692692,251.01619543692692
2021-04-19,250.17713928222656,249.8460905861749,249.8460905861749
2021-04-20,249.71304321289065,250.04483869189502,250.04483869189502
2021-04-21,251.95623779296875,249.83148538652378,249.83148538652378
2021-04-22,248.6590881347656,246.8590208461484,246.8590208461484
2021-04-23,252.50743103027344,246.61053962803808,246.61053962803808
2021-04-26,252.89414978027344,248.95305425712286,248.95305425712286
2021-04-27,253.3002471923828,248.98716124861303,248.98716124861303
2021-04-28,246.1354827880859,244.70233769387352,244.70233769387352
2021-04-29,244.1533203125,246.21371524227388,246.21371524227388
2021-04-30,243.8342437744141,241.78370939968798,241.78370939968798
2021-05-03,243.5248260498047,241.85821676642198,241.85821676642198
2021-05-04,239.5895538330078,241.29225733329616,241.29225733329616
2021-05-05,238.3132476806641,242.02682638750963,242.02682638750963
2021-05-06,241.46534729003903,239.91592844159658,239.91592844159658
2021-05-07,244.10501098632812,243.2625896392113,243.2625896392113
2021-05-10,238.999755859375,240.68397746960562,240.68397746960562
2021-05-11,238.0811309814453,238.19024472384285,238.19024472384285
2021-05-12,231.0904235839844,235.11454646786012,235.11454646786012
2021-05-13,234.987060546875,236.24097292435457,236.24097292435457
2021-05-14,239.93760681152344,239.54519685211852,239.54519685211852
2021-05-17,237.06590270996097,240.45739960864222,240.45739960864222
2021-05-18,235.0354156494141,238.2366357991779,238.2366357991779
2021-05-19,235.6168975830078,235.16800321071855,235.16800321071855
2021-05-20,238.87318420410156,239.85125530744898,239.85125530744898
2021-05-21,237.60365295410156,240.0522599179741,240.0522599179741
2021-05-24,243.04049682617188,245.2956747988851,245.2956747988851
2021-05-25,243.95150756835935,244.92668763825046,244.92668763825046
2021-05-26,243.7285919189453,245.05682278488536,245.05682278488536
2021-05-27,241.61585998535156,245.9935882043973,245.9935882043973
2021-05-28,241.9744415283203,246.38856748127057,246.38856748127057
2021-06-01,239.7648162841797,245.52069149445578,245.52069149445578
2021-06-02,239.66790771484375,245.52000575618246,245.52000575618246
2021-06-03,238.12698364257812,243.7789852195496,243.7789852195496
2021-06-04,243.05018615722656,246.68629793584643,246.68629793584643
2021-06-07,245.9769744873047,250.52371403957574,250.52371403957574
2021-06-08,244.7752685546875,249.1093393386052,249.1093393386052
2021-06-09,245.7637634277344,248.92260644303906,248.92260644303906
2021-06-10,249.30113220214844,250.77830845803246,250.77830845803246
2021-06-11,249.93109130859375,251.76868420737338,251.76868420737338
2021-06-14,251.869384765625,252.21025862429372,252.21025862429372
2021-06-15,250.3865509033203,253.716632834204,253.716632834204
2021-06-16,249.43679809570312,257.7721989654104,257.7721989654104
2021-06-17,252.8482208251953,260.0534424486889,260.0534424486889
2021-06-18,251.4235992431641,260.1014381830201,260.1014381830201
2021-06-21,254.52479553222656,263.2098895051355,263.2098895051355
2021-06-22,257.31591796875,263.5998254074002,263.5998254074002
2021-06-23,257.08331298828125,263.5998254074002,263.5998254074002
2021-06-24,258.4595031738281,263.57753873533824,263.57753873533824
2021-06-25,256.8409729003906,262.8386352122076,262.8386352122076
2021-06-28,260.4268798828125,263.5561572357183,263.5561572357183
2021-06-29,263.024169921875,264.61606249096906,264.61606249096906
2021-06-30,262.5395812988281,266.14705260986807,266.14705260986807
2021-07-01,263.2178955078125,265.7194060692843,265.7194060692843
2021-07-02,269.081298828125,268.459047105686,268.459047105686
2021-07-06,269.0909118652344,271.38012262371535,271.38012262371535
2021-07-07,271.29083251953125,274.65166648425094,274.65166648425094
2021-07-08,268.85833740234375,270.8958409998642,270.8958409998642
2021-07-09,269.3622741699219,268.2844028357778,268.2844028357778
2021-07-12,268.7614440917969,272.5087475032646,272.5087475032646
2021-07-13,272.3084716796875,275.17847366560113,275.17847366560113
2021-07-14,273.79132080078125,278.59580832464803,278.59580832464803
2021-07-15,272.35693359375,277.987113871436,277.987113871436
2021-07-16,272.08551025390625,278.3942269947031,278.3942269947031
2021-07-19,268.4609680175781,272.0656016190561,272.0656016190561
2021-07-20,270.6997375488281,273.4329347263572,273.4329347263572
2021-07-21,272.71551513671875,273.4329347263572,273.4329347263572
2021-07-22,277.3092346191406,278.7342228314464,278.7342228314464
2021-07-23,280.7302551269531,278.10026640515855,278.10026640515855
2021-07-26,280.12939453125,279.1200522054121,279.1200522054121
2021-07-27,277.6968994140625,278.71584986044263,278.71584986044263
2021-07-28,277.3868103027344,278.00164068699064,278.00164068699064
2021-07-29,277.6581115722656,278.1237759223566,278.1237759223566
2021-07-30,276.1171875,276.92772560896054,276.92772560896054
2021-08-02,276.02996826171875,276.23696874116627,276.23696874116627
2021-08-03,278.259033203125,281.340863719774,281.340863719774
2021-08-04,277.6678771972656,282.7726840006408,282.7726840006408
2021-08-05,280.58489990234375,284.0541676832875,284.0541676832875
2021-08-06,280.52679443359375,284.6325296972777,284.6325296972777
2021-08-09,279.4316711425781,283.91984906117915,283.91984906117915
2021-08-10,277.5999450683594,283.39010678190033,283.39010678190033
2021-08-11,278.09423828125,283.0608453946415,283.0608453946415
2021-08-12,280.8659362792969,283.46178184670845,283.46178184670845
2021-08-13,283.8122253417969,287.53298920455995,287.53298920455995
2021-08-16,285.5081481933594,288.92848355542196,288.92848355542196
2021-08-17,284.0350341796875,290.6701448197317,290.6701448197317
2021-08-18,282.2969970703125,290.49003259596697,290.49003259596697
2021-08-19,288.1617736816406,289.1656015383486,289.1656015383486
2021-08-20,295.5315856933594,296.4473504534399,296.4473504534399
2021-08-23,295.8131408691406,296.0230939721368,296.0230939721368
2021-08-24,293.8420715332031,292.50973314678697,292.50973314678697
2021-08-25,293.24981689453125,291.5570352389367,291.5570352389367
2021-08-26,290.4144592285156,290.81596167313563,290.81596167313563
2021-08-27,291.02618408203125,291.32247189050855,291.32247189050855
2021-08-30,294.7839660644531,292.01128819917756,292.01128819917756
2021-08-31,293.1235046386719,290.7162871415203,290.7162871415203
2021-09-01,293.0750427246094,290.5837949967052,290.5837949967052
2021-09-02,292.41473388671875,290.0206892355978,290.0206892355978
2021-09-03,292.405029296875,290.0206892355978,290.0206892355978
2021-09-07,291.4728698730469,289.503485720323,289.503485720323
2021-09-08,291.501953125,290.09628555561795,290.09628555561795
2021-09-09,288.6278991699219,289.18534952392054,289.18534952392054
2021-09-10,287.13250732421875,286.6436332312663,286.6436332312663
2021-09-13,288.3753662109375,286.10191597491513,286.10191597491513
2021-09-14,291.0941467285156,288.34784940266064,288.34784940266064
2021-09-15,295.9782409667969,292.07019982487884,292.07019982487884
2021-09-16,296.36663818359375,295.7958001430055,295.7958001430055
2021-09-17,291.1718444824219,287.6867810623491,287.6867810623491
2021-09-20,285.7633972167969,284.1684853670781,284.1684853670781
2021-09-21,286.2489318847656,283.3268160493177,283.3268160493177
2021-09-22,289.9193115234375,282.2439768252974,282.2439768252974
2021-09-23,290.8708190917969,282.1114846804823,282.1114846804823
2021-09-24,290.6669616699219,283.7285519992478,283.7285519992478
2021-09-27,285.63720703125,282.7666521799984,282.7666521799984
2021-09-28,275.2961120605469,281.941522488117,281.941522488117
2021-09-29,275.7621765136719,282.929755885631,282.929755885631
2021-09-30,273.7425537109375,282.0432546427678,282.0432546427678
2021-10-01,280.7142639160156,285.5250202895215,285.5250202895215
2021-10-04,274.8980407714844,282.1858299405366,282.1858299405366
2021-10-05,280.38409423828125,286.4828419238735,286.4828419238735
2021-10-06,284.60791015625,289.3638298571788,289.3638298571788
2021-10-07,286.2974853515625,290.6383161619474,290.6383161619474
2021-10-08,286.2974853515625,290.3772206320811,290.3772206320811
2021-10-11,285.69549560546875,292.1688117632638,292.1688117632638
2021-10-12,284.3846740722656,293.2783795630108,293.2783795630108
2021-10-13,287.7151184082031,294.19546164540384,294.19546164540384
2021-10-14,293.9683532714844,296.2704051650293,296.2704051650293
2021-10-15,295.385986328125,299.9384860467767,299.9384860467767
2021-10-18,298.37664794921875,304.3303920864518,304.3303920864518
2021-10-19,299.2893981933594,310.7294803489272,310.7294803489272
2021-10-20,298.4931335449219,311.0621976503897,311.0621976503897
2021-10-21,301.7460021972656,312.1405681625648,312.1405681625648
2021-10-22,300.1923522949219,313.3198482783941,313.3198482783941
2021-10-25,299.1922912597656,312.98927589598884,312.98927589598884
2021-10-26,301.11480712890625,312.9379835504149,312.9379835504149
2021-10-27,313.7960205078125,323.54820565038165,323.54820565038165
2021-10-28,314.9418029785156,324.3195631976204,324.3195631976204
2021-10-29,322.00091552734375,326.07281287267506,326.07281287267506
2021-11-01,319.8161926269531,325.7772907602093,325.7772907602093
2021-11-02,323.46710205078125,325.2131020297629,325.2131020297629
2021-11-03,324.31182861328125,324.92646263036414,324.92646263036414
2021-11-04,326.68109130859375,324.92646263036414,324.92646263036414
2021-11-05,326.3120422363281,326.9976266495547,326.9976266495547
2021-11-08,327.21514892578125,326.9976266495547,326.9976266495547
2021-11-09,326.2052917480469,327.71545010505963,327.71545010505963
2021-11-10,321.2046203613281,328.36449989298643,328.36449989298643
2021-11-11,322.7873840332031,327.06746110986404,327.06746110986404
2021-11-12,326.95294189453125,328.38630997578485,328.38630997578485
2021-11-15,326.3218688964844,328.2879248224599,328.2879248224599
2021-11-16,329.6620788574219,326.088776107734,326.088776107734
2021-11-17,329.8857421875,327.07352261031537,327.07352261031537
2021-11-18,331.97723388671875,323.01457784907336,323.01457784907336
2021-11-19,333.76715087890625,326.9292719135624,326.9292719135624
2021-11-22,330.576416015625,326.1707153474418,326.1707153474418
2021-11-23,328.4850158691406,322.5033184650359,322.5033184650359
2021-11-24,328.70880126953125,322.5979458423831,322.5979458423831
2021-11-26,320.702880859375,318.87420235549274,318.87420235549274
2021-11-29,327.46356201171875,320.68625792477735,320.68625792477735
2021-11-30,321.5880432128906,323.1071973955475,323.1071973955475
2021-12-01,321.0919189453125,323.6647928113992,323.6647928113992
2021-12-02,320.5179748535156,323.4982418006817,323.4982418006817
2021-12-03,314.2144775390625,323.10951116271724,323.10951116271724
2021-12-06,317.3078918457031,323.37182119901405,323.37182119901405
2021-12-07,325.8001708984375,323.5384132077,323.5384132077
2021-12-08,325.8487548828125,323.5384132077,323.5384132077
2021-12-09,324.0296936035156,323.50430621620984,323.50430621620984
2021-12-10,333.21270751953125,323.00148180324874,323.00148180324874
2021-12-13,330.1581726074219,319.2644336680385,319.2644336680385
2021-12-14,319.3992919921875,321.6281077423354,321.6281077423354
2021-12-15,325.5374755859375,323.923224246782,323.923224246782
2021-12-16,316.0530090332031,322.23285153300844,322.23285153300844
2021-12-17,314.9829406738281,322.8582163621251,322.8582163621251
2021-12-20,311.1988525390625,322.24124620041994,322.24124620041994
2021-12-21,318.3778991699219,320.785469184159,320.785469184159
2021-12-22,324.12701416015625,320.9520201948765,320.9520201948765
2021-12-23,325.576416015625,320.9179132033864,320.9179132033864
2021-12-27,333.1251220703125,321.81842488577627,321.81842488577627
2021-12-28,331.9577941894531,320.10525978401233,320.10525978401233
2021-12-29,332.63873291015625,314.4382457119216,314.4382457119216
2021-12-30,330.080322265625,313.64934372910875,313.64934372910875
2021-12-31,327.1619873046875,313.43159222715855,313.43159222715855
2022-01-03,325.634765625,311.1929311133657,311.1929311133657
2022-01-04,320.051025390625,312.243999206321,312.243999206321
2022-01-05,307.7650146484375,305.6835287805491,305.6835287805491
2022-01-06,305.3330383300781,298.98402395843385,298.98402395843385
2022-01-07,305.4886779785156,296.93110963831435,296.93110963831435
2022-01-10,305.7123718261719,293.57184543327924,293.57184543327924
2022-01-11,306.4031066894531,298.9447827363007,298.9447827363007
2022-01-12,309.6035461425781,305.4263735440602,305.4263735440602
2022-01-13,296.5003356933594,291.0462492588863,291.0462492588863
2022-01-14,301.7532653808594,296.65112888474107,296.65112888474107
2022-01-18,294.40887451171875,288.5148800223756,288.5148800223756
2022-01-19,295.0702819824219,289.1518339451561,289.1518339451561
2022-01-20,293.38751220703125,292.981451827641,292.981451827641
2022-01-21,287.9691467285156,297.9548291505989,297.9548291505989
2022-01-24,288.29986572265625,297.74383150268744,297.74383150268744
2022-01-25,280.6344299316406,299.3996171846533,299.3996171846533
2022-01-26,288.6305847167969,302.261290676541,302.261290676541
2022-01-27,291.67535400390625,290.74433096786487,290.74433096786487
2022-01-28,299.86614990234375,295.903258816807,295.903258816807
2022-01-31,302.5120849609375,299.89253004116165,299.89253004116165
2022-02-01,300.3524169921875,297.7460948413339,297.7460948413339
2022-02-02,304.924560546875,295.9228896863011,295.9228896863011
2022-02-03,293.0469665527344,287.91972464937163,287.91972464937163
2022-02-04,297.60919189453125,289.8948996742992,289.8948996742992
2022-02-07,292.75518798828125,284.6379314214104,284.6379314214104
2022-02-08,296.266845703125,288.92949692013616,288.92949692013616
2022-02-09,302.7357482910156,295.33165863184206,295.33165863184206
2022-02-10,294.1462097167969,283.8621666035808,283.8621666035808
2022-02-11,287.0060729980469,283.79009067158,283.79009067158
2022-02-14,286.9671936035156,280.950178368868,280.950178368868
2022-02-15,292.2882995605469,283.54368261800124,283.54368261800124
2022-02-16,291.9470520019531,283.9447859946668,283.9447859946668
2022-02-17,283.39825439453125,282.3655200675863,282.3655200675863
2022-02-18,280.6688232421875,283.50584184329523,283.50584184329523
2022-02-22,280.464111328125,285.16589631403724,285.16589631403724
2022-02-23,273.20196533203125,284.0627808137236,284.0627808137236
2022-02-24,287.1608581542969,283.20667763687777,283.20667763687777
2022-02-25,289.8122863769531,284.36208401706494,284.36208401706494
2022-02-28,291.25494384765625,281.6386893116945,281.6386893116945
2022-03-01,287.51177978515625,280.6002529890628,280.6002529890628
2022-03-02,292.61962890625,282.41864182826674,282.41864182826674
2022-03-03,288.4573669433594,284.75706097227214,284.75706097227214
2022-03-04,282.55010986328125,281.6134962467135,281.6134962467135
2022-03-07,271.87628173828125,275.81959037296303,275.81959037296303
2022-03-08,268.8934631347656,278.7491282671419,278.7491282671419
2022-03-09,281.2244567871094,286.8938631851326,286.8938631851326
2022-03-10,278.3878173828125,287.3613370531641,287.3613370531641
2022-03-11,273.0070495605469,289.97947385689326,289.97947385689326
2022-03-14,269.4685974121094,285.40536575657336,285.40536575657336
2022-03-15,279.90850830078125,291.92778883346915,291.92778883346915
2022-03-16,286.9659423828125,291.02034537124206,291.02034537124206
2022-03-17,287.7749938964844,291.03210240819084,291.03210240819084
2022-03-18,292.8535461425781,292.2823164555615,292.2823164555615
2022-03-21,291.6156311035156,296.12544299156406,296.12544299156406
2022-03-22,296.3920593261719,302.7200248416963,302.7200248416963
2022-03-23,291.93731689453125,298.11216743524903,298.11216743524903
2022-03-24,296.43109130859375,298.9082971811487,298.9082971811487
2022-03-25,296.02166748046875,298.5353632328508,298.5353632328508
2022-03-28,302.8646240234375,300.22742540552315,300.22742540552315
2022-03-29,307.45587158203125,296.78656168934737,296.78656168934737
2022-03-30,305.94488525390625,292.91704395982595,292.91704395982595
2022-03-31,300.5348205566406,292.35857962720905,292.35857962720905
2022-04-01,301.616943359375,292.6311432569404,292.6311432569404
2022-04-04,307.02685546875,294.7611143544967,294.7611143544967
2022-04-05,303.0400390625,294.42168509617983,294.42168509617983
2022-04-06,291.9470520019531,283.8963161339454,283.8963161339454
2022-04-07,293.76995849609375,282.7134847608825,282.7134847608825
2022-04-08,289.4808349609375,284.06518522682575,284.06518522682575
2022-04-11,278.0661315917969,280.7434323751399,280.7434323751399
2022-04-12,274.9468688964844,279.38059997146405,279.38059997146405
2022-04-13,280.3666687011719,279.44818421954733,279.44818421954733
2022-04-14,272.7731018066406,276.8749661897648,276.8749661897648
2022-04-18,273.4456787109375,276.53248128513235,276.53248128513235
2022-04-19,278.1051330566406,277.20497205757454,277.20497205757454
2022-04-20,279.138427734375,280.48272228682737,280.48272228682737
2022-04-21,273.72833251953125,276.7738915127717,276.7738915127717
2022-04-22,267.1192932128906,265.41500122710767,265.41500122710767
2022-04-25,273.64068603515625,272.99952966073846,272.99952966073846
2022-04-26,263.40545654296875,272.26997271645746,272.26997271645746
2022-04-27,276.0776672363281,281.02901159669767,281.02901159669767
2022-04-28,282.32598876953125,273.412041199579,273.412041199579
2022-04-29,270.52130126953125,267.91456302134986,267.91456302134986
2022-05-02,277.29608154296875,262.598180829561,262.598180829561
2022-05-03,274.6739501953125,265.17557135491364,265.17557135491364
2022-05-04,282.6671447753906,263.95841072795633,263.95841072795633
2022-05-05,270.3555908203125,254.42905811080888,254.42905811080888
2022-05-06,267.80169677734375,254.34779489798538,254.34779489798538
2022-05-09,257.90765380859375,253.71392340959744,253.71392340959744
2022-05-10,262.70355224609375,258.00477274328995,258.00477274328995
2022-05-11,253.9792938232422,254.47734360279745,254.47734360279745
2022-05-12,248.91046142578125,252.17538101642984,252.17538101642984
2022-05-13,254.53494262695312,257.4002772284371,257.4002772284371
2022-05-16,254.90530395507812,257.75335457442935,257.75335457442935
2022-05-17,260.0911865234375,258.8765603117183,258.8765603117183
2022-05-18,248.24932861328125,257.38702399019047,257.38702399019047
2022-05-19,247.3309326171875,258.2210524852075,258.2210524852075
2022-05-20,246.76422119140625,261.41356978184075,261.41356978184075
2022-05-23,254.6685485839844,262.6615554061884,262.6615554061884
2022-05-24,253.66221618652344,260.62840147338915,260.62840147338915
2022-05-25,256.49566650390625,261.365955611743,261.365955611743
2022-05-26,259.7980651855469,259.7363800154299,259.7363800154299
2022-05-27,266.96966552734375,257.9140301212647,257.9140301212647
2022-05-31,265.6310729980469,257.1060615915334,257.1060615915334
2022-06-01,266.1684875488281,260.0506612893439,260.0506612893439
2022-06-02,268.2788391113281,261.0870167540041,261.0870167540041
2022-06-03,263.823486328125,252.72998873359512,252.72998873359512
2022-06-06,262.5826721191406,251.01901794238714,251.01901794238714
2022-06-07,266.2466735839844,250.4864416882381,250.4864416882381
2022-06-08,264.20458984375,252.80854521685382,252.80854521685382
2022-06-09,258.71356201171875,251.04724525856122,251.04724525856122
2022-06-10,247.1843414306641,248.27632483946644,248.27632483946644
2022-06-13,236.70057678222656,243.07340798280757,243.07340798280757
2022-06-14,238.87940979003903,246.21056739269244,246.21056739269244
2022-06-15,245.9825897216797,253.05488084775502,253.05488084775502
2022-06-16,239.348388671875,248.4657229761472,248.4657229761472
2022-06-17,241.9668731689453,248.82737616629055,248.82737616629055
2022-06-21,247.91714477539065,252.99423406234538,252.99423406234538
2022-06-22,247.32113647460935,252.48804390012722,252.48804390012722
2022-06-23,252.91957092285156,250.53869353693239,250.53869353693239
2022-06-24,261.5567626953125,255.45573641465427,255.45573641465427
2022-06-27,258.8112487792969,255.0732480414895,255.0732480414895
2022-06-28,250.59425354003903,254.90333081645144,254.90333081645144
2022-06-29,254.28753662109375,255.87851301800728,255.87851301800728
2022-06-30,250.9362335205078,251.3825992421589,251.3825992421589
2022-07-01,253.62310791015625,251.10335271793727,251.10335271793727
2022-07-05,256.818115234375,252.6200651448299,252.6200651448299
2022-07-06,260.1009216308594,254.4607588145274,254.4607588145274
2022-07-07,262.2406921386719,254.87864301293408,254.87864301293408
2022-07-08,261.5177001953125,256.02030354421754,256.02030354421754
2022-07-11,258.43994140625,255.0395440615944,255.0395440615944
2022-07-12,247.84873962402344,254.0207095627875,254.0207095627875
2022-07-13,246.92054748535156,253.27029448510476,253.27029448510476
2022-07-14,248.24932861328125,254.18345469832508,254.18345469832508
2022-07-15,250.82872009277344,252.20838598053533,252.20838598053533
2022-07-18,248.4154357910156,251.85017264511103,251.85017264511103
2022-07-19,253.57424926757812,254.5869371407286,254.5869371407286
2022-07-20,256.2513732910156,260.0588976528579,260.0588976528579
2022-07-21,258.7624206542969,261.76796195277456,261.76796195277456
2022-07-22,254.3852081298828,260.74644930145104,260.74644930145104
2022-07-25,252.89031982421875,262.80805666874164,262.80805666874164
2022-07-26,246.11935424804688,258.6005342855196,258.6005342855196
2022-07-27,262.5729064941406,267.09285173931653,267.09285173931653
2022-07-28,270.06689453125,273.87162613522315,273.87162613522315
2022-07-29,274.29754638671875,275.2156804443655,275.2156804443655
2022-08-01,271.6302490234375,272.21701870766907,272.21701870766907
2022-08-02,268.5133972167969,270.2722386511577,270.2722386511577
2022-08-03,275.98785400390625,276.3851821279426,276.3851821279426
2022-08-04,277.14080810546875,277.9318778673683,277.9318778673683
2022-08-05,276.4177551269531,278.6348762170794,278.6348762170794
2022-08-08,273.8871765136719,277.30147192957327,277.30147192957327
2022-08-09,275.8216857910156,275.9108987440507,275.9108987440507
2022-08-10,282.5243225097656,277.2416479191486,277.2416479191486
2022-08-11,280.4334411621094,278.2539269901544,278.2539269901544
2022-08-12,285.2112121582031,276.6226682550195,276.6226682550195
2022-08-15,286.7353820800781,275.99157171585546,275.99157171585546
2022-08-16,285.99285888671875,276.15757736252345,276.15757736252345
2022-08-17,285.2388916015625,275.7913012582929,275.7913012582929
2022-08-18,284.1129150390625,275.5627305387834,275.5627305387834
2022-08-19,280.1767883300781,272.2654462270601,272.2654462270601
2022-08-22,271.9521789550781,267.14374191159055,267.14374191159055
2022-08-23,270.6695556640625,261.1710968716148,261.1710968716148
2022-08-24,270.0331115722656,262.8700702048901,262.8700702048901
2022-08-25,273.0292663574219,264.57517840431717,264.57517840431717
2022-08-26,262.49383544921875,255.7048393594915,255.7048393594915
2022-08-29,259.6935119628906,252.89276300678577,252.89276300678577
2022-08-30,257.48065185546875,252.844515461862,252.844515461862
2022-08-31,256.011962890625,252.37720858582193,252.37720858582193
2022-09-01,254.9643096923828,253.1557522511046,253.1557522511046
2022-09-02,250.71495056152344,253.61918509780395,253.61918509780395
2022-09-06,247.9636077880859,246.2968034128235,246.2968034128235
2022-09-07,252.7025451660156,246.7948196282586,246.7948196282586
2022-09-08,253.12356567382812,245.53358027208313,245.53358027208313
2022-09-09,258.9396057128906,249.26015338220307,249.26015338220307
2022-09-12,261.0838623046875,249.16176822887812,249.16176822887812
2022-09-13,246.7299041748047,239.84183241504903,239.84183241504903
2022-09-14,246.95509338378903,240.34057885476074,240.34057885476074
2022-09-15,240.25787353515625,239.45647501839457,239.45647501839457
2022-09-16,239.63124084472656,237.45296610845722,237.45296610845722
2022-09-19,239.41586303710935,237.0704771590868,237.0704771590868
2022-09-20,237.38902282714844,236.78807139708766,236.78807139708766
2022-09-21,233.9621124267578,235.48251892082138,235.48251892082138
2022-09-22,235.94972229003903,234.0406913870548,234.0406913870548
2022-09-23,232.95359802246097,229.54736691292325,229.54736691292325
2022-09-26,232.493408203125,235.4140976739123,235.4140976739123
2022-09-27,231.47511291503903,239.52489822120978,239.52489822120978
2022-09-28,236.037841796875,240.19140059159503,240.19140059159503
2022-09-29,232.54237365722656,237.56639276558278,237.56639276558278
2022-09-30,228.0383758544922,230.80844580829188,230.80844580829188
2022-10-03,235.71473693847656,230.62334734029093,230.62334734029093
2022-10-04,243.6847991943359,230.26022874998787,230.26022874998787
2022-10-05,243.9981384277344,231.36283830255866,231.36283830255866
2022-10-06,241.6384429931641,235.10426165245175,235.10426165245175
2022-10-07,229.3504180908203,228.65862044804678,228.65862044804678
2022-10-10,224.4645843505859,230.30265767574204,230.30265767574204
2022-10-11,220.7047576904297,231.03375245539976,231.03375245539976
2022-10-12,221.03761291503903,229.74288213938712,229.74288213938712
2022-10-13,229.3504180908203,231.26956210070006,231.26956210070006
2022-10-14,223.7889862060547,231.49641859262888,231.49641859262888
2022-10-17,232.5717315673828,234.11069101926833,234.11069101926833
2022-10-18,233.52146911621097,236.34060977869598,236.34060977869598
2022-10-19,231.5436248779297,229.31649915334486,229.31649915334486
2022-10-20,231.2205352783203,228.95268291903952,228.95268291903952
2022-10-21,237.06593322753903,232.92858785138776,232.92858785138776
2022-10-24,242.08883666992188,233.9692832212057,233.9692832212057
2022-10-25,245.4276428222656,234.65455732325228,234.65455732325228
2022-10-26,226.4913787841797,220.97529502427534,220.97529502427534
2022-10-27,222.01673889160156,219.3915415655511,219.3915415655511
2022-10-28,230.94639587402344,221.076220360376,221.076220360376
2022-10-31,227.28448486328125,222.92943497409541,222.92943497409541
2022-11-01,223.4071350097656,223.90130997231185,223.90130997231185
2022-11-02,215.50558471679688,223.79097170996906,223.79097170996906
2022-11-03,209.77767944335935,233.8373927964207,233.8373927964207
2022-11-04,216.7686462402344,234.81894513067755,234.81894513067755
2022-11-07,223.1133575439453,234.48117795972854,234.48117795972854
2022-11-08,224.0925140380859,232.02171065639644,232.02171065639644
2022-11-09,219.82351684570312,231.96133148788118,231.96133148788118
2022-11-10,237.90798950195312,234.715573668433,234.715573668433
2022-11-11,241.95176696777344,237.3296631913211,237.3296631913211
2022-11-14,236.5078125,235.10536875324186,235.10536875324186
2022-11-15,236.91905212402344,237.58379540527858,237.58379540527858
2022-11-16,237.35107421875,240.12693903555734,240.12693903555734
2022-11-17,237.30197143554688,239.0485273823354,239.0485273823354
2022-11-18,236.850341796875,237.7719403846119,237.7719403846119
2022-11-21,237.665283203125,238.1129278360908,238.1129278360908
2022-11-22,240.59129333496097,243.23849271645594,243.23849271645594
2022-11-23,243.09510803222656,247.38690032682956,247.38690032682956
2022-11-25,243.0067138671875,247.7821689886222,247.7821689886222
2022-11-28,237.3805389404297,239.45222081205333,239.45222081205333
2022-11-29,235.97645568847656,237.90470168716888,237.90470168716888
2022-11-30,250.51817321777344,245.1886289937961,245.1886289937961
2022-12-01,250.0762939453125,246.10176298007883,246.10176298007883
2022-12-02,250.4003448486328,245.2404367408584,245.2404367408584
2022-12-05,245.66763305664065,244.99656389013947,244.99656389013947
2022-12-06,240.67965698242188,245.73844101224938,245.73844101224938
2022-12-07,239.94325256347656,240.11359308028207,240.11359308028207
2022-12-08,242.9183807373047,240.71058427525074,240.71058427525074
2022-12-09,240.9742431640625,238.443699742826,238.443699742826
2022-12-12,247.9357757568359,241.975453088186,241.975453088186
2022-12-13,252.2659149169922,245.63630865780846,245.63630865780846
2022-12-14,252.56044006347656,246.63713055116816,246.63713055116816
2022-12-15,244.49920654296875,240.94636629003196,240.94636629003196
2022-12-16,240.2574462890625,238.32153855255135,238.32153855255135
2022-12-19,236.09425354003903,234.33961175619103,234.33961175619103
2022-12-20,237.4197998046875,234.23261635158843,234.23261635158843
2022-12-21,240.00216674804688,235.69354546907059,235.69354546907059
2022-12-22,233.87521362304688,232.63069379811432,232.63069379811432
2022-12-23,234.40541076660156,231.6987649708101,231.6987649708101
2022-12-27,232.66751098632812,229.24115137785657,229.24115137785657
2022-12-28,230.2815093994141,224.77641155588648,224.77641155588648
2022-12-29,236.6441192626953,229.98912270594514,229.98912270594514
2022-12-30,235.47569274902344,229.5739095995357,229.5739095995357
2023-01-03,235.24002075195312,236.8565136663659,236.8565136663659
2023-01-04,224.9498748779297,232.047766490781,232.047766490781
2023-01-05,218.28286743164065,232.35691731097006,232.35691731097006
2023-01-06,220.85540771484375,233.36620650401596,233.36620650401596
2023-01-09,223.00572204589844,234.20194426713076,234.20194426713076
2023-01-10,224.7043914794922,233.46790403527694,233.46790403527694
2023-01-11,231.4990692138672,235.55916598711545,235.55916598711545
2023-01-12,234.1894073486328,235.87950800706997,235.87950800706997
2023-01-13,234.8963623046875,237.23220569219737,237.23220569219737
2023-01-17,235.99607849121097,238.78383493123937,238.78383493123937
2023-01-18,231.53829956054688,237.148615224556,237.148615224556
2023-01-19,227.7286071777344,235.22910117087844,235.22910117087844
2023-01-20,235.86843872070312,239.83999717150266,239.83999717150266
2023-01-23,238.1856689453125,243.78807395436104,243.78807395436104
2023-01-24,237.65545654296875,244.78345456608318,244.78345456608318
2023-01-25,236.2513732910156,242.68952401550033,242.68952401550033
2023-01-26,243.50750732421875,252.91093597909364,252.91093597909364
2023-01-27,243.6645965576172,252.28776046974642,252.28776046974642
2023-01-30,238.3133544921875,250.54977977129667,250.54977977129667
2023-01-31,243.32095336914065,252.51507073207273,252.51507073207273
2023-02-01,248.1714324951172,255.44971408765053,255.44971408765053
2023-02-02,259.8067932128906,259.69546240840043,259.69546240840043
2023-02-03,253.67002868652344,259.18702476722876,259.18702476722876
2023-02-06,252.1186065673828,258.18743709825037,258.18743709825037
2023-02-07,262.7131652832031,260.5398391871996,260.5398391871996
2023-02-08,261.89825439453125,263.85681199746466,263.85681199746466
2023-02-09,258.8445129394531,259.55330780879336,259.55330780879336
2023-02-10,258.3339538574219,259.81618304909705,259.81618304909705
2023-02-13,266.405029296875,253.79867953791953,253.79867953791953
2023-02-14,267.2396545410156,252.52084460516366,252.52084460516366
2023-02-15,265.1036682128906,255.7510774409679,255.7510774409679
2023-02-16,258.04583740234375,251.1757112654433,251.1757112654433
2023-02-17,254.0198516845703,255.14095039768142,255.14095039768142
2023-02-21,248.7143096923828,246.8328600714942,246.8328600714942
2023-02-22,247.57244873046875,246.83898884273665,246.83898884273665
2023-02-23,250.7814483642578,247.43161313551346,247.43161313551346
2023-02-24,245.31829833984375,250.60972340121535,250.60972340121535
2023-02-27,246.24362182617188,250.58304141067336,250.58304141067336
2023-02-28,245.51516723632812,252.19423120534603,252.19423120534603
2023-03-01,242.41448974609375,251.5397754879023,251.5397754879023
2023-03-02,247.1787567138672,252.46368335819568,252.46368335819568
2023-03-03,251.2932891845703,253.1678776004395,253.1678776004395
2023-03-06,252.84852600097656,257.1241784639148,257.1241784639148
2023-03-07,250.1711273193359,255.9153655715452,255.9153655715452
2023-03-08,249.7281494140625,258.79500725403807,258.79500725403807
2023-03-09,248.36978149414065,265.09849261151857,265.09849261151857
2023-03-10,244.6981658935547,261.7385161407051,261.7385161407051
2023-03-13,249.9447326660156,260.3862263927935,260.3862263927935
2023-03-14,256.70721435546875,263.8363888941001,263.8363888941001
2023-03-15,261.2843322753906,263.9747426908068,263.9747426908068
2023-03-16,271.8759460449219,275.93871843821955,275.93871843821955
2023-03-17,275.0553894042969,280.0753260347098,280.0753260347098
2023-03-20,267.96807861328125,273.55638492744237,273.55638492744237
2023-03-21,269.4938049316406,273.3536662783001,273.3536662783001
2023-03-22,268.02716064453125,274.89926815321246,274.89926815321246
2023-03-23,273.3130798339844,280.56072171086134,280.56072171086134
2023-03-24,276.1775207519531,281.58107582608386,281.58107582608386
2023-03-27,272.0531005859375,279.34129172810225,279.34129172810225
2023-03-28,270.92108154296875,276.48589956431016,276.48589956431016
2023-03-29,276.11846923828125,281.99350897328077,281.99350897328077
2023-03-30,279.6029968261719,282.74827455205315,282.74827455205315
2023-03-31,283.78643798828125,284.16234609021933,284.16234609021933
2023-04-03,282.7332458496094,280.01119548008796,280.01119548008796
2023-04-04,282.6839599609375,282.0154828248676,282.0154828248676
2023-04-05,279.8884582519531,280.57229834545905,280.57229834545905
2023-04-06,287.0347595214844,282.70856491332114,282.70856491332114
2023-04-10,284.8594055175781,282.82377240024454,282.82377240024454
2023-04-11,278.402099609375,278.89289326345937,278.89289326345937
2023-04-12,279.0517883300781,280.41332496319615,280.41332496319615
2023-04-13,285.3023681640625,283.59849101853547,283.59849101853547
2023-04-14,281.66033935546875,282.02087088251386,282.02087088251386
2023-04-17,284.2786865234375,282.01324235567677,282.01324235567677
2023-04-18,283.8553466796875,286.8872906095406,286.8872906095406
2023-04-19,283.93414306640625,290.48144627051096,290.48144627051096
2023-04-20,281.63079833984375,296.3308019363005,296.3308019363005
2023-04-21,281.2862243652344,294.7157627600307,294.7157627600307
2023-04-24,277.3586730957031,294.9315893472751,294.9315893472751
2023-04-25,271.1081237792969,292.1757286525886,292.1757286525886
2023-04-26,290.7458190917969,297.8010278329325,297.8010278329325
2023-04-27,300.0577087402344,299.0938141833217,299.0938141833217
2023-04-28,302.4497375488281,303.7468850055648,303.7468850055648
2023-05-01,300.7762756347656,306.25394878945576,306.25394878945576
2023-05-02,300.6285705566406,305.6147674284518,305.6147674284518
2023-05-03,299.63446044921875,305.58066043696164,305.58066043696164
2023-05-04,300.6285705566406,305.6139416811936,305.6139416811936
2023-05-05,305.78662109375,306.3764955970963,306.3764955970963
2023-05-08,303.8179016113281,306.3423886056062,306.3423886056062
2023-05-09,302.1936950683594,306.16252603146233,306.16252603146233
2023-05-10,307.4205627441406,309.36494909013646,309.36494909013646
2023-05-11,305.2550048828125,307.6221712498564,307.6221712498564
2023-05-12,304.1329345703125,309.0345592687818,309.0345592687818
2023-05-15,304.6152038574219,311.76145110752947,311.76145110752947
2023-05-16,306.8595275878906,310.3485174899042,310.3485174899042
2023-05-17,309.7597961425781,320.267448803984,320.267448803984
2023-05-18,314.21881103515625,322.8786657804315,322.8786657804315
2023-05-19,314.0411682128906,324.56258667384935,324.56258667384935
2023-05-22,316.8428955078125,324.0508273198809,324.0508273198809
2023-05-23,311.0028381347656,322.6392455162265,322.6392455162265
2023-05-24,309.6118469238281,325.92833644982727,325.92833644982727
2023-05-25,321.5188903808594,328.4714477247617,328.4714477247617
2023-05-26,328.3947448730469,328.4672153030233,328.4672153030233
2023-05-30,326.7374267578125,327.93435183786414,327.93435183786414
2023-05-31,323.95550537109375,327.3951461398379,327.3951461398379
2023-06-01,328.0888977050781,327.93435183786414,327.93435183786414
2023-06-02,330.870849609375,327.93435183786414,327.93435183786414
2023-06-05,331.403564453125,328.9735511832854,328.9735511832854
2023-06-06,329.17413330078125,328.2905828633113,328.2905828633113
2023-06-07,319.01318359375,328.45001020341505,328.45001020341505
2023-06-08,320.86773681640625,330.96136648908225,330.96136648908225
2023-06-09,322.37713623046875,327.94515314335973,327.94515314335973
2023-06-12,327.3687744140625,327.79541043627137,327.79541043627137
2023-06-13,329.7758483886719,328.094769564592,328.094769564592
2023-06-14,332.78460693359375,328.51933694582686,328.51933694582686
2023-06-15,343.3993225097656,334.9766485397249,334.9766485397249
2023-06-16,337.7072448730469,333.43648706292345,333.43648706292345
2023-06-20,333.4850158691406,332.2309966962303,332.2309966962303
2023-06-21,329.0556640625,327.14938654071165,327.14938654071165
2023-06-22,335.12261962890625,332.43897613999616,332.43897613999616
2023-06-23,330.4959716796875,328.231418908201,328.231418908201
2023-06-26,324.1627197265625,328.95670561458365,328.95670561458365
2023-06-27,330.0520935058594,331.7349387969156,331.7349387969156
2023-06-28,331.31475830078125,331.05758376959204,331.05758376959204
2023-06-29,330.52557373046875,330.48032080777597,330.48032080777597
2023-06-30,335.9414367675781,334.32408905401826,334.32408905401826
2023-07-03,333.42584228515625,332.60656138914595,332.60656138914595
2023-07-05,333.58367919921875,335.3058724782026,335.3058724782026
2023-07-06,336.66156005859375,335.5873571180519,335.5873571180519
2023-07-07,332.6662292480469,335.0776094629239,335.0776094629239
2023-07-10,327.3489990234375,334.9320188784061,334.9320188784061
2023-07-11,327.98040771484375,338.5501621935205,338.5501621935205
2023-07-12,332.6465148925781,341.0415970006059,341.0415970006059
2023-07-13,338.03277587890625,339.9943596649051,339.9943596649051
2023-07-14,340.57794189453125,341.72490913681054,341.72490913681054
2023-07-17,341.06134033203125,341.64109094378887,341.64109094378887
2023-07-18,354.63555908203125,347.27694114828995,347.27694114828995
2023-07-19,350.28509521484375,349.4397415811612,349.4397415811612
2023-07-20,342.18597412109375,337.2528935660714,337.2528935660714
2023-07-21,339.1278381347656,334.0944420168726,334.0944420168726
2023-07-24,340.44970703125,334.6767724071449,334.6767724071449
2023-07-25,346.2404479980469,339.1230174765047,339.1230174765047
2023-07-26,333.20880126953125,326.92678636216834,326.92678636216834
2023-07-27,326.2540588378906,324.3941046202088,324.3941046202088
2023-07-28,333.8007507324219,327.17428861057357,327.17428861057357
2023-07-31,331.3838195800781,322.5357480137419,322.5357480137419
2023-08-01,331.79815673828125,320.55566156840285,320.55566156840285
2023-08-02,323.0775146484375,319.73203733290995,319.73203733290995
2023-08-03,322.2489013671875,319.9774569388919,319.9774569388919
2023-08-04,323.35369873046875,317.1007458597783,317.1007458597783
2023-08-07,325.65228271484375,316.11727727562305,316.11727727562305
2023-08-08,321.6470947265625,316.1947222084688,316.1947222084688
2023-08-09,317.8786926269531,315.9080100415891,315.9080100415891
2023-08-10,318.5692138671875,315.3394320683627,315.3394320683627
2023-08-11,316.6751708984375,315.8243877181465,315.8243877181465
2023-08-14,319.6642150878906,315.08524578263007,315.08524578263007
2023-08-15,317.513671875,321.3837752851763,321.3837752851763
2023-08-16,316.7425842285156,321.860347579243,321.860347579243
2023-08-17,313.2627868652344,320.70356396547163,320.70356396547163
2023-08-18,312.86737060546875,322.2143484671719,322.2143484671719
2023-08-21,318.2056579589844,321.30453383198187,321.30453383198187
2023-08-22,318.779052734375,321.88691783030345,321.88691783030345
2023-08-23,323.26727294921875,322.73129700077976,322.73129700077976
2023-08-24,316.3175048828125,322.82850047337143,322.82850047337143
2023-08-25,319.2931213378906,323.64004132655737,323.64004132655737
2023-08-28,320.0049133300781,324.80124007988746,324.80124007988746
2023-08-29,324.6611633300781,324.8684907096801,324.8684907096801
2023-08-30,325.03680419921875,324.4408441690963,324.4408441690963
2023-08-31,324.0185852050781,325.2599113636801,325.2599113636801
2023-09-01,324.90826416015625,327.0443918700888,327.0443918700888
2023-09-05,329.7424621582031,327.82564444724466,327.82564444724466
2023-09-06,329.0801696777344,327.48974957795946,327.48974957795946
2023-09-07,326.14404296875,327.61019148140804,327.61019148140804
2023-09-08,330.4542236328125,326.78873599754434,326.78873599754434
2023-09-11,334.0823669433594,326.5145935711528,326.5145935711528
2023-09-12,327.9827880859375,323.82734840741585,323.82734840741585
2023-09-13,332.22381591796875,325.0224902755314,325.0224902755314
2023-09-14,334.8337097167969,329.32228535285515,329.32228535285515
2023-09-15,326.45050048828125,322.5646613306292,322.5646613306292
2023-09-18,325.3037414550781,322.20466595433516,322.20466595433516
2023-09-19,324.8984069824219,323.56583770839586,323.56583770839586
2023-09-20,317.10833740234375,321.8566391124362,321.8566391124362
2023-09-21,315.8825378417969,320.7525814327253,320.7525814327253
2023-09-22,313.3913269042969,321.08291997263814,321.08291997263814
2023-09-25,313.915283203125,320.32899331867134,320.32899331867134
2023-09-26,308.5768737792969,308.6488716995201,308.6488716995201
2023-09-27,309.2194519042969,311.9877640985505,311.9877640985505
2023-09-28,310.05975341796875,321.28494400425603,321.28494400425603
2023-09-29,312.1456604003906,322.55366398537967,322.55366398537967
2023-10-02,318.1265869140625,325.39421809838353,325.39421809838353
2023-10-03,309.8126525878906,322.74494864109244,322.74494864109244
2023-10-04,315.31903076171875,325.12633978691207,325.12633978691207
2023-10-05,315.7144470214844,324.61561769300454,324.61561769300454
2023-10-06,323.5242919921875,325.58716140240523,325.58716140240523
2023-10-09,326.0550537109375,325.1091245765565,325.1091245765565
2023-10-10,324.6413879394531,326.43507988358255,326.43507988358255
2023-10-11,328.62542724609375,327.41572239013595,327.41572239013595
2023-10-12,327.3797607421875,327.90974486783324,327.90974486783324
2023-10-13,323.9889221191406,327.6770440739529,327.6770440739529
2023-10-16,328.84283447265625,327.35757674535375,327.35757674535375
2023-10-17,328.2695007324219,327.2591915920288,327.2591915920288
2023-10-18,326.3417663574219,328.81249851345723,328.81249851345723
2023-10-19,327.5379333496094,328.62106304282014,328.62106304282014
2023-10-20,322.9410400390625,327.10602304136427,327.10602304136427
2023-10-23,325.5607604980469,328.8955041660924,328.8955041660924
2023-10-24,326.7569274902344,330.53302610154424,330.53302610154424
2023-10-25,336.7812194824219,337.718805909593,337.718805909593
2023-10-26,324.1471252441406,341.92706770988946,341.92706770988946
2023-10-27,326.045166015625,338.0308287607961,338.0308287607961
2023-10-30,333.45953369140625,344.6577870733764,344.6577870733764
2023-10-31,334.25042724609375,344.0758257697581,344.0758257697581
2023-11-01,342.11956787109375,350.7746922239495,350.7746922239495
2023-11-02,344.3439025878906,354.4567265756225,354.4567265756225
2023-11-03,348.7727355957031,352.9446226343193,352.9446226343193
2023-11-06,352.4601745605469,364.5505608926267,364.5505608926267
2023-11-07,356.41455078125,366.8066939728777,366.8066939728777
2023-11-08,359.05401611328125,365.86936575004864,365.86936575004864
2023-11-09,356.5726623535156,368.01911029409484,368.01911029409484
2023-11-10,365.4501953125,367.8178127358057,367.8178127358057
2023-11-13,362.4942932128906,371.0893770309831,371.0893770309831
2023-11-14,366.0432739257813,370.16433577706385,370.16433577706385
2023-11-15,366.1919250488281,372.1655916243274,372.1655916243274
2023-11-16,372.6307678222656,372.92306944234105,372.92306944234105
2023-11-17,366.3702087402344,373.6128068658254,373.6128068658254
2023-11-20,373.8887939453125,374.52905629598416,374.52905629598416
2023-11-21,369.5599060058594,372.5057505567714,372.5057505567714
2023-11-22,374.2949523925781,373.14427785522565,373.14427785522565
2023-11-24,373.8788757324219,370.9467234616895,370.9467234616895
2023-11-27,375.04779052734375,368.9736157199907,368.9736157199907
2023-11-28,379.0993347167969,369.60933855248896,369.60933855248896
2023-11-29,375.2855224609375,368.98455130379966,368.98455130379966
2023-11-30,375.3450012207031,369.2979783290169,369.2979783290169
2023-12-01,370.98638916015625,369.859988174656,369.859988174656
2023-12-04,365.6669006347656,368.8015038093554,368.8015038093554
2023-12-05,369.01507568359375,370.32593520035977,370.32593520035977
2023-12-06,365.330078125,369.06827221871106,369.06827221871106
2023-12-07,367.4598693847656,367.7815341135004,367.7815341135004
2023-12-08,370.708984375,369.74038515446625,369.74038515446625
2023-12-11,367.8065490722656,368.9732090568582,368.9732090568582
2023-12-12,370.8576049804687,370.069022065254,370.069022065254
2023-12-13,370.84765625,369.9352382452938,369.9352382452938
2023-12-14,362.4870910644531,369.1043218013912,369.1043218013912
2023-12-15,367.241943359375,369.56736524784077,369.56736524784077
2023-12-18,369.1438598632813,369.61318940343733,369.61318940343733
2023-12-19,369.7481689453125,369.61318940343733,369.61318940343733
2023-12-20,367.1329345703125,369.6472963949275,369.6472963949275
2023-12-21,370.0255126953125,369.21095444259436,369.21095444259436
2023-12-22,371.0556945800781,369.37750545331187,369.37750545331187
2023-12-26,371.1349487304687,369.37750545331187,369.37750545331187
2023-12-27,370.550537109375,369.37750545331187,369.37750545331187
2023-12-28,371.74908447265625,369.37750545331187,369.37750545331187
2023-12-29,372.50201416015625,370.6426651394235,370.6426651394235
2024-01-02,367.3805847167969,372.03561928649987,372.03561928649987
2024-01-03,367.1131591796875,379.14744954132965,379.14744954132965
2024-01-04,364.4781799316406,380.2785011485602,380.2785011485602
2024-01-05,364.28997802734375,383.0060270828375,383.0060270828375
2024-01-08,371.1646728515625,386.39938145215757,386.39938145215757
2024-01-09,372.25433349609375,386.2255909141324,386.2255909141324
2024-01-10,379.1686401367187,390.1842677091615,390.1842677091615
2024-01-11,381.0111389160156,395.9278971194846,395.9278971194846
2024-01-12,384.81500244140625,393.10761791017603,393.10761791017603
2024-01-16,386.5980529785156,395.5370263570271,395.5370263570271
2024-01-17,385.80560302734375,399.107668587457,399.107668587457
2024-01-18,390.1642150878906,400.9595443306968,400.9595443306968
2024-01-19,394.9191284179687,400.554416229009,400.554416229009
2024-01-22,392.7793884277344,400.65782511396725,400.65782511396725
2024-01-23,395.14691162109375,400.54819015526834,400.54819015526834
2024-01-24,398.7724304199219,399.82945724621624,399.82945724621624
2024-01-25,401.0607299804687,399.82945724621624,399.82945724621624
2024-01-26,400.1295776367187,402.9854653863173,402.9854653863173
2024-01-29,405.8650512695313,402.7169371210002,402.7169371210002
2024-01-30,404.7457275390625,404.4611254352431,404.4611254352431
2024-01-31,393.8393249511719,407.30655048712265,407.30655048712265
2024-02-01,399.9809875488281,405.8547806849845,405.8547806849845
2024-02-02,407.3509826660156,408.28706722422044,408.28706722422044
2024-02-05,401.8333740234375,406.9451606623924,406.9451606623924
2024-02-06,401.6748962402344,403.88495426403847,403.88495426403847
2024-02-07,410.1543273925781,406.6583630782692,406.6583630782692
2024-02-08,410.2137756347656,406.0478822331931,406.0478822331931
2024-02-09,416.5931396484375,404.4820680466288,404.4820680466288
2024-02-12,411.3529968261719,404.17582775975126,404.17582775975126
2024-02-13,402.4971008300781,402.81168680748016,402.81168680748016
2024-02-14,406.3873596191406,406.8072383463064,406.8072383463064
2024-02-15,403.4795837402344,404.74158773592086,404.74158773592086
2024-02-16,400.9985046386719,402.6006732152858,402.6006732152858
2024-02-20,399.7381591796875,403.34455810397054,403.34455810397054
2024-02-21,399.1327819824219,403.73637923847286,403.73637923847286
2024-02-22,408.531005859375,407.61393962688294,407.61393962688294
2024-02-23,407.2309265136719,406.49709799245926,406.49709799245926
2024-02-26,404.4521789550781,406.5298651832166,406.5298651832166
2024-02-27,404.39263916015625,402.8867448785558,402.8867448785558
2024-02-28,404.6307678222656,402.7201938678383,402.7201938678383
2024-02-29,410.5059509277344,405.9525491584804,405.9525491584804
2024-03-01,412.3518371582031,405.2487438770307,405.2487438770307
2024-03-04,411.7762756347656,405.42198535772985,405.42198535772985
2024-03-05,399.59918212890625,411.2281640254386,411.2281640254386
2024-03-06,399.04345703125,410.0974538732815,410.0974538732815
2024-03-07,406.0400695800781,417.11712837436903,417.11712837436903
2024-03-08,403.14215087890625,414.83089293488393,414.83089293488393
2024-03-11,401.4550476074219,414.4041769950584,414.4041769950584
2024-03-12,412.1334838867187,417.7544097729085,417.7544097729085
2024-03-13,411.9548645019531,417.81297041067046,417.81297041067046
2024-03-14,421.9981689453125,421.2492535114697,421.2492535114697
2024-03-15,413.2648620605469,420.47648312608885,420.47648312608885
2024-03-18,414.1580200195313,417.63093177855166,417.63093177855166
2024-03-19,418.2170715332031,417.63093177855166,417.63093177855166
2024-03-20,422.0081481933594,417.4845264318854,417.4845264318854
2024-03-21,426.11676025390625,416.9466110484455,416.9466110484455
2024-03-22,425.4915466308594,417.71033373023874,417.71033373023874
2024-03-25,419.6560668945313,416.5035131004011,416.5035131004011
2024-03-26,418.4552001953125,415.7743237063255,415.7743237063255
2024-03-27,418.23687744140625,415.7743237063255,415.7743237063255
2024-03-28,417.53228759765625,415.6433765676112,415.6433765676112
2024-04-01,421.3531188964844,415.6949035910922,415.6949035910922
2024-04-02,418.2468566894531,415.4369549166009,415.4369549166009
2024-04-03,417.2643432617187,415.8371398053825,415.8371398053825
2024-04-04,414.71380615234375,415.42521369943336,415.42521369943336
2024-04-05,422.2959289550781,415.76975349917643,415.76975349917643
2024-04-08,421.3729553222656,416.1991780750396,416.1991780750396
2024-04-09,423.0501708984375,417.0423575734938,417.0423575734938
2024-04-10,420.0530395507813,416.0845247335004,416.0845247335004
2024-04-11,424.6876525878906,416.53348601193164,416.53348601193164
2024-04-12,418.703369140625,414.8381824551613,414.8381824551613
2024-04-15,410.5059509277344,415.94628015818944,415.94628015818944
2024-04-16,411.4388122558594,415.41811634741424,415.41811634741424
2024-04-17,408.7195739746094,415.1601676729229,415.1601676729229
2024-04-18,401.2069091796875,413.01483611763575,413.01483611763575
2024-04-19,396.095947265625,410.84544377334674,410.84544377334674
2024-04-22,397.9219665527344,409.9757652511011,409.9757652511011
2024-04-23,404.48193359375,411.228474266097,411.228474266097
2024-04-24,405.9606323242187,412.75641289271016,412.75641289271016
2024-04-25,396.0165710449219,415.34071390352733,415.34071390352733
2024-04-26,403.2414245605469,416.44807260458333,416.44807260458333
2024-04-29,399.2022705078125,413.40363960157833,413.40363960157833
2024-04-30,386.380126953125,415.95914079686344,415.95914079686344
2024-05-01,391.9476318359375,413.1122182254004,413.1122182254004
2024-05-02,394.8256530761719,411.37711664187424,411.37711664187424
2024-05-03,403.5788269042969,412.6470221339622,412.6470221339622
2024-05-06,410.4067077636719,415.2677423718461,415.2677423718461
2024-05-07,406.238525390625,415.2669606557095,415.2669606557095
2024-05-08,407.429443359375,414.9570254715627,414.9570254715627
2024-05-09,409.1959228515625,414.9570254715627,414.9570254715627
2024-05-10,411.59759521484375,415.7015299767835,415.7015299767835
2024-05-13,410.5852966308594,417.1631268260979,417.1631268260979
2024-05-14,413.40380859375,417.6917781427543,417.6917781427543
2024-05-15,420.6317443847656,418.7730103915416,418.7730103915416
2024-05-16,418.5538635253906,418.3281147260168,418.3281147260168
2024-05-17,417.7783508300781,418.3281147260168,418.3281147260168
2024-05-20,422.8786315917969,418.81226704178573,418.81226704178573
2024-05-21,426.5572814941406,419.9079504040347,419.9079504040347
2024-05-22,428.0286865234375,419.51387122553183,419.51387122553183
2024-05-23,424.5290832519531,417.84613031660564,417.84613031660564
2024-05-24,427.6707763671875,417.63376107656933,417.63376107656933
2024-05-28,427.8298645019531,418.31161209243976,418.31161209243976
2024-05-29,426.6864929199219,417.61237957694937,417.61237957694937
2024-05-30,412.2704162597656,416.7927096458791,416.7927096458791
2024-05-31,412.7277526855469,416.45602748490245,416.45602748490245
2024-06-03,411.1270751953125,414.6071419926869,414.6071419926869
2024-06-04,413.6623229980469,415.37707738467776,415.37707738467776
2024-06-05,421.5563659667969,416.5645657159673,416.5645657159673
2024-06-06,422.0633850097656,416.38054226641117,416.38054226641117
2024-06-07,421.3973083496094,415.3563921046922,415.3563921046922
2024-06-10,425.39404296875,416.38054226641117,416.38054226641117
2024-06-11,430.1761779785156,416.38054226641117,416.38054226641117
2024-06-12,438.5076904296875,417.08572541127245,417.08572541127245
2024-06-13,439.0246887207031,416.0950884798738,416.0950884798738
2024-06-14,440.0089721679687,415.68446462415415,415.68446462415415
2024-06-17,445.775390625,416.14080315879073,416.14080315879073
2024-06-18,443.7571411132813,415.4640003129998,415.4640003129998
2024-06-20,443.120849609375,415.9814731426987,415.9814731426987
2024-06-21,447.17724609375,415.7511805815534,415.7511805815534
2024-06-24,445.0794677734375,415.9814731426987,415.9814731426987
2024-06-25,448.3404541015625,416.23942181719,416.23942181719
2024-06-26,449.54345703125,416.23942181719,416.23942181719
2024-06-27,450.2294921875,416.4947415184284,416.4947415184284
2024-06-28,444.3636169433594,415.20675814313404,415.20675814313404
2024-07-01,454.0870361328125,417.42720281339996,417.42720281339996
2024-07-02,456.6222534179687,416.81672196832386,416.81672196832386
2024-07-03,458.1036376953125,414.4721032544988,414.4721032544988
2024-07-05,464.8543395996094,414.3937984956275,414.3937984956275
2024-07-08,463.5419921875,414.1428837182668,414.1428837182668
2024-07-09,456.8807678222656,413.5659887013319,413.5659887013319
2024-07-10,463.5519409179687,414.1562914541389,414.1562914541389
2024-07-11,452.0687561035156,414.58694732989346,414.58694732989346
2024-07-12,450.9254150390625,412.3310566605801,412.3310566605801
2024-07-15,451.33306884765625,414.01982111543185,414.01982111543185
2024-07-16,446.9187316894531,414.8175247599761,414.8175247599761
2024-07-17,440.9534606933594,413.5558216390347,413.5558216390347
2024-07-18,437.82171630859375,413.94671232798265,413.94671232798265
2024-07-19,434.5805358886719,413.536088472263,413.536088472263
2024-07-22,440.3768310546875,414.8340651274798,414.8340651274798
2024-07-23,442.2757873535156,414.36129534679645,414.36129534679645
2024-07-24,426.4180603027344,415.6627635838956,415.6627635838956
2024-07-25,415.9788513183594,413.69024255759695,413.69024255759695
2024-07-26,422.8090515136719,411.9187550883829,411.9187550883829
2024-07-29,424.2606506347656,413.2459689725456,413.2459689725456
2024-07-30,420.47265625,415.2780355981998,415.2780355981998
2024-07-31,415.92913818359375,415.13022913752224,415.13022913752224
2024-08-01,414.6962585449219,412.9946283363256,412.9946283363256
2024-08-02,406.1261596679687,413.5054441659274,413.5054441659274
2024-08-05,392.8633728027344,415.6318646038253,415.6318646038253
2024-08-06,397.2975463867187,418.9988257666498,418.9988257666498
2024-08-07,396.1243591308594,419.42283589745756,419.42283589745756
2024-08-08,400.3597412109375,416.31916241770614,416.31916241770614
2024-08-09,403.67047119140625,414.94764289562806,414.94764289562806
2024-08-12,404.4559020996094,414.383907778455,414.383907778455
2024-08-13,411.6142578125,418.39299035022293,418.39299035022293
2024-08-14,414.4477233886719,417.43520142192915,417.43520142192915
2024-08-15,419.34808349609375,410.62285401583654,410.62285401583654
2024-08-16,416.7983093261719,412.76589305819107,412.76589305819107
2024-08-19,419.8460693359375,410.89287468825523,410.89287468825523
2024-08-20,423.10302734375,413.57770640740904,413.57770640740904
2024-08-21,422.4456787109375,413.398436692277,413.398436692277
2024-08-22,413.8899536132813,413.34569081682156,413.34569081682156
2024-08-23,415.1250305175781,413.49530723805384,413.49530723805384
2024-08-26,411.8382263183594,413.29997613790465,413.29997613790465
2024-08-27,412.1868286132813,412.7985649497799,412.7985649497799
2024-08-28,408.9597473144531,412.6727214049368,412.6727214049368
2024-08-29,411.4696960449219,413.58788850961247,413.58788850961247
2024-08-30,415.4736328125,414.0792329456792,414.0792329456792
2024-09-03,407.8043823242187,412.3329376631947,412.3329376631947
2024-09-04,407.26654052734375,411.3761560597522,411.3761560597522
2024-09-05,406.7586059570313,411.55663377564787,411.55663377564787
2024-09-06,400.0953369140625,410.7115774093924,410.7115774093924
2024-09-09,404.0992431640625,410.5940374543369,410.5940374543369
2024-09-10,412.5453796386719,413.72539314633417,413.72539314633417
2024-09-11,421.3500671386719,414.38405859169814,414.38405859169814
2024-09-12,425.2942504882813,415.43838734485297,415.43838734485297
2024-09-13,428.869873046875,414.7055077880231,414.7055077880231
2024-09-16,429.6168823242187,415.3944896406727,415.3944896406727
2024-09-17,433.41168212890625,414.2072785648307,414.2072785648307
2024-09-18,429.0890197753906,414.90389764816837,414.90389764816837
2024-09-19,436.9375305175781,416.42001829164235,416.42001829164235
2024-09-20,433.53118896484375,415.49535946780196,415.49535946780196
2024-09-23,431.77825927734375,415.59119938211455,415.59119938211455
2024-09-24,427.45556640625,414.13859528420556,414.13859528420556
2024-09-25,430.3838195800781,415.7519442025952,415.7519442025952
2024-09-26,429.5870056152344,415.0372288545018,415.0372288545018
2024-09-27,426.3101501464844,414.6266049987821,414.6266049987821
2024-09-30,428.5810241699219,415.73951084836585,415.73951084836585
2024-10-01,419.0094299316406,414.1907309151278,414.1907309151278
2024-10-02,415.4636840820313,413.98546226607095,413.98546226607095
2024-10-03,414.87603759765625,413.98546226607095,413.98546226607095
2024-10-04,414.39794921875,413.260855461917,413.260855461917
2024-10-07,407.9040222167969,412.8911639937747,412.8911639937747
2024-10-08,413.0533447265625,412.76570049997576,412.76570049997576
2024-10-09,415.7923278808594,411.5556573785772,411.5556573785772
2024-10-10,414.1788024902344,411.2977087040859,411.2977087040859
2024-10-11,414.6569213867187,411.14503352285755,411.14503352285755
2024-10-14,417.4656372070313,412.29442298171983,412.29442298171983
2024-10-15,417.0672302246094,411.6554743621424,411.6554743621424
2024-10-16,414.4577026367187,411.6097596832255,411.6097596832255
2024-10-17,415.0553283691406,411.8677083577168,411.8677083577168
2024-10-18,416.4895324707031,411.45708450199714,411.45708450199714
2024-10-21,417.1070861816406,412.3461260286009,412.3461260286009
2024-10-22,425.8022155761719,415.5134701659857,415.5134701659857
2024-10-23,422.9038391113281,415.1084160298059,415.1084160298059
2024-10-24,423.0332946777344,415.0666471477402,415.0666471477402
2024-10-25,426.4396362304687,417.14175609275725,417.14175609275725
2024-10-28,424.8858947753906,415.08187831807214,415.08187831807214
2024-10-29,430.2244873046875,415.4461926875538,415.4461926875538
2024-10-30,430.8021545410156,415.6857029299108,415.6857029299108
2024-10-31,404.7267456054687,420.3356368664002,420.3356368664002
2024-11-01,408.7306518554687,420.6791570725624,420.6791570725624
2024-11-04,406.8282775878906,418.54965293986834,418.54965293986834
2024-11-05,409.8163146972656,417.52990777239586,417.52990777239586
2024-11-06,418.50146484375,420.1880674952655,420.1880674952655
2024-11-07,423.73052978515625,414.47763751508114,414.47763751508114
2024-11-08,420.85205078125,412.91633625533075,412.91633625533075
2024-11-11,416.3401489257813,410.813443445976,410.813443445976
2024-11-12,421.340087890625,411.96578417128546,411.96578417128546
2024-11-13,423.50146484375,412.7448517716042,412.7448517716042
2024-11-14,425.1846923828125,412.3194750077103,412.3194750077103
2024-11-15,413.3421936035156,410.90908763578074,410.90908763578074
2024-11-18,414.0991516113281,410.0782678639898,410.0782678639898
2024-11-19,416.1210632324219,410.1664609512927,410.1664609512927
2024-11-20,413.8302001953125,411.56738473187556,411.56738473187556
2024-11-21,412.0437927246094,410.57548341526945,410.57548341526945
2024-11-22,416.16552734375,410.8001753968077,410.8001753968077
2024-11-25,417.9519653320313,410.8923863574485,410.8923863574485
2024-11-26,427.133544921875,412.5266327730982,412.5266327730982
2024-11-27,422.1435546875,411.0625069964136,411.0625069964136
2024-11-29,422.6126098632813,415.8198193237867,415.8198193237867
2024-12-02,430.1175842285156,416.98732937124873,416.98732937124873
2024-12-03,430.3371276855469,416.0802687988653,416.0802687988653
2024-12-04,436.544677734375,415.1088079129759,415.1088079129759
2024-12-05,441.7342529296875,416.69165169885235,416.69165169885235
2024-12-06,442.682373046875,416.2505344606588,416.2505344606588
2024-12-09,445.12744140625,416.6611583163785,416.6611583163785
2024-12-10,442.4428405761719,415.8828544842994,415.8828544842994
2024-12-11,448.0915222167969,416.4274075767222,416.4274075767222
2024-12-12,448.6603698730469,416.42118150298154,416.42118150298154
2024-12-13,446.37493896484375,415.570849286979,415.570849286979
2024-12-16,450.6863098144531,416.23942181719,416.23942181719
2024-12-17,453.5505676269531,415.872508398548,415.872508398548
2024-12-18,436.5147399902344,416.6619511854508,416.6619511854508
2024-12-19,436.1554565429687,416.3428344787309,416.3428344787309
2024-12-20,435.726318359375,416.29347416188534,416.29347416188534
2024-12-23,434.3790283203125,415.79651496617544,415.79651496617544
2024-12-24,438.4508361816406,415.3690418231496,415.3690418231496
2024-12-26,437.2332763671875,414.8269204171044,414.8269204171044
2024-12-27,429.66845703125,414.0521290382194,414.0521290382194
2024-12-30,423.9798583984375,414.20125335218347,414.20125335218347
2024-12-31,420.6565246582031,413.57393950041126,413.57393950041126
2025-01-02,417.7423706054687,412.5864417919002,412.5864417919002
2025-01-03,422.5028381347656,411.9715924488724,411.9715924488724
2025-01-06,426.9938354492187,411.63124828459723,411.63124828459723
2025-01-07,421.5247802734375,411.3732996101059,411.3732996101059
2025-01-08,423.7104187011719,411.5855336056803,411.5855336056803
2025-01-10,418.1116333007813,411.74023131787476,411.74023131787476
2025-01-13,416.3551635742187,411.681739864834,411.681739864834
2025-01-14,414.8382263183594,410.7845120476656,410.7845120476656
2025-01-15,425.4569091796875,413.4459993171649,413.4459993171649
2025-01-16,423.7303466796875,412.5856137683716,412.5856137683716
2025-01-17,428.1714782714844,412.45900160785925,412.45900160785925
2025-01-21,427.64251708984375,413.3943309833841,413.3943309833841
2025-01-22,445.30712890625,416.7386445728732,416.7386445728732
2025-01-23,445.8160705566406,416.6227080529634,416.6227080529634
2025-01-24,443.17138671875,415.9084208438355,415.9084208438355
2025-01-27,433.6903991699219,416.7631938880603,416.7631938880603
2025-01-28,446.30511474609375,424.1337388889421,424.1337388889421
2025-01-29,441.44482421875,416.53038734667314,416.53038734667314
2025-01-30,414.1595458984375,410.87757741397417,410.87757741397417
2025-01-31,414.22943115234375,409.4390116426229,409.4390116426229
2025-02-03,410.09771728515625,407.1291879827638,407.1291879827638
2025-02-04,411.5447998046875,408.28399123514,408.28399123514
2025-02-05,412.4629821777344,406.590826580403,406.590826580403
2025-02-06,414.9879150390625,407.2418060534029,407.2418060534029
2025-02-07,408.9300537109375,406.8258150337835,406.8258150337835
2025-02-10,411.3951110839844,406.8797075241012,406.8797075241012
2025-02-11,410.6166687011719,405.597501090933,405.597501090933
2025-02-12,408.2214660644531,405.962334202598,405.962334202598
2025-02-13,409.7184753417969,411.97096201444083,411.97096201444083
2025-02-14,407.6126708984375,411.84360651875846,411.84360651875846
2025-02-18,408.8202819824219,411.2268574850015,411.2268574850015
2025-02-19,413.94000244140625,412.2493803579247,412.2493803579247
2025-02-20,416.1300048828125,411.74218265236397,411.74218265236397
2025-02-21,408.2099914550781,409.2457694478927,409.2457694478927
2025-02-24,404.0,410.75367616119564,410.75367616119564
2025-02-25,397.8999938964844,412.01092936159927,412.01092936159927
2025-02-26,399.7300109863281,411.51162761534096,411.51162761534096
2025-02-27,392.5299987792969,409.0340079348271,409.0340079348271
2025-02-28,396.989990234375,412.87960637358066,412.87960637358066
2025-03-03,388.489990234375,413.7296477616071,413.7296477616071
2025-03-04,388.6099853515625,418.16198683024385,418.16198683024385
2025-03-05,401.0199890136719,415.1971972872483,415.1971972872483
2025-03-06,396.8900146484375,414.5867164421722,414.5867164421722
2025-03-07,393.30999755859375,413.96996740841524,413.96996740841524
2025-03-10,380.1600036621094,415.70366385883534,415.70366385883534
2025-03-11,380.4500122070313,416.1100394953648,416.1100394953648
2025-03-12,383.2699890136719,417.6565551578948,417.6565551578948
2025-03-13,378.7699890136719,412.8537671516177,412.8537671516177
2025-03-14,388.55999755859375,411.3712041852549,411.3712041852549
2025-03-17,388.7000122070313,410.3655593470638,410.3655593470638
2025-03-18,383.5199890136719,406.83502537131,406.83502537131
2025-03-19,387.8200073242187,407.5887821731254,407.5887821731254
2025-03-20,386.8399963378906,407.5887821731254,407.5887821731254
2025-03-21,391.260009765625,412.39305207834616,412.39305207834616
